gene	GSM1228184	GSM1228185	GSM1228186	GSM1228187	GSM1228188	GSM1228189	GSM1228190	GSM1228191	GSM1228192	GSM1228193	GSM1228194	GSM1228195	GSM1228196	GSM1228197	GSM1228198	GSM1228199	GSM1228200	GSM1228201	GSM1228202	GSM1228203	GSM1228204	GSM1228205	GSM1228206	GSM1228207	GSM1228208	GSM1228209	GSM1228210	GSM1228211	GSM1228212	GSM1228213	GSM1228214	GSM1228215	GSM1228216	GSM1228217	GSM1228218	GSM1228219
EPHB2	4833	5974	2172	4999	10644	4331	445	3263	11091	2192	3099	2750	4160	5280	2189	6029	5757	8680	3602	1699	3404	3580	1981	3375	3810	4544	2300	1130	597	2535	3848	3699	2430	1816	3959	3111
PROM1	2726	4168	2377	1389	2189	2494	52	2479	1806	1817	870	1146	2874	1513	521	4251	1110	1885	2704	1303	3384	1638	2365	2108	2962	1192	2685	3532	249	2438	1040	2094	1342	3491	3372	1553
LEF1	655	338	68	2068	255	43	206	518	492	108	33	683	99	153	163	276	302	162	50	34	85	77	129	107	127	62	68	55	20	353	71	118	43	72	68	41
MYC	18699	16514	1085	11264	5355	1108	1426	3251	8514	2701	1894	3062	1068	6310	2979	13016	5560	8412	2476	759	1626	1439	1035	1940	1250	2646	1655	851	532	2606	1544	2061	1180	2037	1696	924
ASCL2	5538	4713	119	3490	3163	203	28	261	5825	2527	530	3547	418	704	1602	2249	2490	1975	378	129	194	364	126	198	289	325	187	166	39	1612	343	153	198	100	394	314
CD44	4419	10136	2572	11743	9872	2234	4468	8296	5855	1817	1809	4838	2500	15914	7082	1823	4983	6906	3738	967	4111	3023	2093	2660	2248	2196	2205	1030	1811	3384	3098	2945	1612	1861	2689	1677
LGR5	1042	2376	128	1077	95	498	14	535	504	300	188	1705	427	187	182	4222	2168	1642	206	77	164	328	174	260	271	190	179	132	29	328	107	268	175	138	226	176
OLFM4	8565	3740	33820	97788	150835	134011	174	32000	12971	20823	7606	39475	4056	92588	18408	3425	84880	14275	1006	1311	50853	1262	1463	3273	4468	1461	7440	5197	169	43875	855	945	4505	7800	1626	60470
AXIN2	3923	3893	943	10851	12141	1056	412	1884	8614	1876	1516	4389	2392	442	1998	5916	4049	3680	2343	841	1343	1691	756	1796	1582	2286	1410	740	391	5787	1730	1402	1230	878	1696	666
SOX9	3364	3784	991	7211	4460	2822	87	3807	5571	3087	1192	3504	2378	3147	4476	4333	6223	5727	1748	645	1457	1806	1085	2432	1716	1850	1313	1141	282	1485	1402	1167	998	1203	1790	1122
APC	961	1349	1250	998	989	1013	1010	1007	530	495	587	378	1431	1017	768	352	900	394	2007	638	1865	1201	1053	1115	1453	948	1010	548	601	582	688	1080	912	967	1317	781
KRAS	1346	1618	1531	1560	1746	1692	657	1774	642	1118	1201	1149	3255	1322	1745	645	1706	1055	3037	1093	2321	2187	1475	1767	2313	1520	1727	1036	658	1403	1224	1552	1826	1191	2167	1677
TP53	1844	769	1029	4327	1746	1514	939	1020	552	1757	895	2157	1693	3981	2556	1187	2492	1436	1507	660	1585	1427	1005	1569	1615	1575	1211	766	490	1596	1181	1489	991	970	1529	1221
CTNNB1	19318	14724	8514	23810	12603	7769	7902	13525	22808	9924	6587	9664	12797	10859	6999	10735	13383	11183	10460	4040	13739	8710	6504	8241	10047	7002	8681	4984	4387	7865	5538	8525	6761	6748	9798	8144
EGFR	2588	4617	2703	3032	1260	2171	1369	2323	1416	1356	1484	894	3536	856	1079	1600	2327	991	3502	1254	3945	2575	2220	2542	3182	2044	2171	1286	1063	2226	1840	2825	1652	2379	2762	1332
VEGFA	4473	5091	2689	9230	5054	2733	1988	2709	5961	6108	1521	11784	1661	7284	4653	5208	9532	5373	1926	563	4315	1863	2051	3468	2529	2229	3399	2433	878	4086	1277	1574	1087	2426	2885	1591
MKI67	8812	7471	1053	6835	6289	1539	459	4291	3638	1121	725	1679	1169	7441	2974	4245	3005	3943	1992	853	1474	1156	1338	2320	2366	1053	1108	298	158	1795	900	1813	1417	1682	1355	2497
CEACAM5	120746	45274	72116	91067	183330	46245	434	106315	68181	75113	51976	120058	92659	27658	21650	49818	71777	131041	56924	21779	109316	44327	47106	71048	67461	41095	79335	43379	12593	113174	41839	56855	61066	56367	53548	97968
MUC2	4982	11027	16597	5640	10615	280677	243	39492	317	109162	55511	802	92868	58684	2064	144	37979	6365	15641	12409	27621	28054	11111	29356	47715	26420	17186	14523	7296	26082	30300	16249	33241	17347	35041	129483
FABP1	33055	4710	63770	4244	7973	21238	195	15260	2492	58976	20713	58885	48106	3049	6496	15930	18276	4817	46657	31663	109412	51029	59901	79740	78754	56089	96715	52375	11876	106951	28365	78193	48657	55926	63400	43443
TRPV3	39	31	292	33	122	118	29	65	9	179	172	10	136	27	6	35	43	13	611	280	477	214	645	501	187	127	206	266	94	467	136	306	116	420	187	157
SLC30A10	15	20	367	8	42	124	2	80	3	188	328	1	329	2	1	1	201	2	654	323	646	968	632	611	1030	403	1356	875	132	535	272	558	593	530	891	129
EPHX4	141	243	5	115	157	6	21	296	121	27	31	57	9	198	123	38	62	208	4	5	7	6	3	5	7	2	4	3	16	29	2	3	2	4	5	3
ABCA8	87	97	1293	57	25	369	1171	339	86	117	343	7	817	14	16	62	430	66	2323	622	1859	1923	1086	790	1624	1033	1595	455	682	396	1118	1244	968	1072	1871	444
ABCA10	40	10	120	20	31	66	56	69	14	72	74	6	122	9	20	18	54	33	334	62	175	176	134	127	211	173	137	76	44	104	92	95	103	121	145	78
TLR9	26	15	35	12	15	13	31	65	20	17	12	5	36	13	7	15	15	24	53	21	54	46	64	46	77	43	58	43	28	52	63	80	28	59	35	24
NUDCD1	1635	1853	317	1356	763	280	300	568	529	263	199	628	392	669	613	881	933	632	401	121	418	308	197	256	271	224	218	109	105	291	170	250	237	248	332	271
GFI1B	5	5	21	8	7	10	18	14	3	3	6	1	27	0	11	6	13	15	52	20	31	37	35	25	37	57	31	25	10	44	45	41	28	22	56	16
PRKG2	60	15	86	47	12	136	37	59	10	124	50	5	338	6	50	12	100	19	507	301	176	241	160	95	179	330	245	169	65	238	201	319	421	172	534	112
MMP7	162	76	3	221	1656	28	15	12736	585	842	30	1405	32	49	97	466	1482	345	7	1	1	10	7	19	19	13	10	5	2	226	9	11	1	3	5	5
SLC22A18AS	354	417	595	215	594	601	35	504	265	854	390	347	1136	446	281	94	398	149	800	477	924	776	718	850	1122	858	768	871	205	999	675	929	817	619	1263	1116
TP53INP2	4053	1030	3611	792	2313	1702	2085	1957	966	2425	2815	1347	3318	742	546	682	1709	404	4219	2590	5333	3529	4984	5110	5856	3845	6089	3800	2356	6273	2924	5119	3183	5379	3651	3165
TNFRSF12A	1281	554	139	2422	1005	123	478	2693	2109	1376	475	1701	298	2631	1106	1246	993	525	150	38	240	186	72	148	165	109	228	138	137	452	90	205	95	108	158	401
USH1G	1	0	0	0	1	1	1	0	0	0	2	1	2	0	1	0	0	1	3	4	1	3	5	1	5	15	9	10	3	6	6	2	4	2	3	6
OTOP2	4	12	359	6	26	25	1	8	0	10	223	4	356	1	2	2	151	4	1907	916	480	1152	1531	977	1716	2804	1962	978	841	1827	2095	1632	1946	837	2082	979
OTOP3	0	0	17	0	2	0	0	0	0	0	7	0	13	0	0	0	3	0	81	58	31	51	94	20	76	126	99	66	38	44	79	68	99	33	95	41
TGFBI	5483	2837	2345	16264	7969	2689	8713	17306	25556	5216	2129	20673	2568	5068	11551	4107	13129	15948	1997	708	3485	1835	1600	1925	1795	1202	2354	838	2188	3450	2029	2358	1683	1601	1722	2474
PXMP2	355	312	854	172	714	653	97	391	381	654	434	174	1172	325	394	172	391	156	1249	595	1372	900	736	1006	1107	970	899	778	191	722	560	990	836	664	1237	746
C1orf115	1064	717	3454	470	812	1563	844	1305	651	2465	1987	864	3962	309	1173	355	1401	609	3848	1862	5665	2835	4754	4080	3429	3132	5367	3930	1150	3729	2276	3644	3382	2743	4722	2410
RHOU	1617	918	1204	1186	1131	601	1198	1204	1144	1068	1097	714	1783	204	897	609	1141	355	2741	1067	2029	1476	2001	2458	1820	1401	2397	1254	896	1682	989	1726	1463	2026	2697	998
SLC27A6	8	4	16	1	0	5	10	23	2	5	13	0	51	2	3	0	18	4	52	29	36	64	33	13	50	41	31	5	12	17	45	30	42	23	71	45
PLCD3	1119	3132	4402	1225	1743	2453	1039	5313	2330	5568	3692	998	6478	3995	415	424	3650	2066	6450	2771	6782	5641	5571	6789	6041	6345	8446	6328	2098	6349	5448	7694	4412	4921	7699	4166
CD163L1	405	321	1566	409	388	373	873	539	137	286	682	48	1171	127	478	267	527	316	2180	1036	2706	2369	2001	1940	2671	1331	3728	1131	374	1245	1441	3332	2941	2225	1578	88
CHP2	1773	2192	7998	632	1186	5561	17	1437	223	4096	2646	1408	11521	58	2073	56	2069	41	12108	5270	12122	8610	9399	10755	8577	7935	11080	8484	1465	6855	5556	10570	9322	7895	14012	2915
FAM135B	5	7	71	9	3	11	13	21	2	3	20	0	75	0	2	1	21	1	141	37	120	127	79	65	121	73	102	26	24	33	82	119	67	69	82	36
CCN4	288	358	42	602	134	32	728	370	423	206	62	420	30	454	105	513	303	91	10	12	65	25	30	30	20	20	28	9	115	62	11	28	27	22	22	30
TRANK1	1335	1768	2727	1019	1072	1289	2023	2053	980	1633	1546	690	2910	554	250	397	1804	491	3857	1505	4110	3163	3268	3910	4056	2076	3413	1939	889	2678	1866	2788	2345	2908	3487	1063
SLC22A5	747	470	1158	844	899	747	150	503	429	1070	710	435	1902	406	553	278	608	358	1530	984	1929	1957	1639	1809	1682	1585	2330	1425	363	1378	1043	1681	1158	1467	1725	654
ACSF2	2558	1039	1798	200	1266	1049	377	1002	474	1600	1023	1003	2677	273	635	266	1044	555	2088	1149	2713	2049	2681	2545	2403	2754	2962	2606	512	2574	1813	2730	1787	1740	2769	1365
TEF	386	604	707	402	748	627	744	918	589	1146	517	362	2124	255	356	209	728	287	1278	589	1185	1704	1079	1021	1253	1322	1059	1448	679	1088	1593	856	780	714	1528	754
SLC17A4	127	126	1226	62	165	234	4	367	21	751	664	103	1216	40	567	50	388	30	3311	917	1802	1501	2177	1667	1757	1638	2423	1096	364	1258	900	1400	1328	1025	2037	450
CA10	5	0	7	4	1	3	9	5	2	2	8	0	10	0	4	0	4	7	15	1	18	20	10	23	11	13	21	12	28	10	9	11	14	9	11	8
CLCA4	540	167	16384	426	2849	554	33	982	28	7087	4545	35	4274	51	25	58	4343	75	12630	17039	24960	6707	64434	23074	16532	8630	20033	9363	3025	20083	5513	27406	24438	33465	14405	12853
CNNM4	3464	4619	3076	1742	2870	3994	349	3804	1195	3158	3392	1513	6984	3070	1755	567	2969	3702	6856	3177	4612	5917	4622	6977	7931	4880	5598	4710	1423	5615	4552	6396	4948	4971	6917	4090
CA4	267	689	5850	255	691	751	125	2199	80	4235	4361	212	7402	94	83	103	2180	160	6276	3779	9662	10094	7935	8257	9794	6768	9501	5352	1840	7561	4644	6359	7234	6544	9451	4459
FRRS1	162	181	333	96	257	317	106	198	75	237	161	104	502	176	108	169	263	139	560	280	494	393	363	441	507	254	343	294	77	363	224	322	470	332	439	388
SNAI1	98	103	27	133	77	27	233	135	241	106	40	130	29	183	75	308	125	94	26	10	38	11	19	18	8	15	18	19	60	67	21	13	16	32	24	28
MTHFD1L	1456	1409	281	2739	946	217	399	905	1027	526	165	849	177	1138	518	687	680	1233	180	56	399	167	127	211	180	138	215	86	71	385	102	159	124	138	163	322
CDC14A	286	303	364	167	167	163	212	263	118	207	205	57	613	237	126	124	302	172	835	294	541	506	564	545	648	443	709	578	153	360	294	419	550	451	799	208
MMP1	707	518	199	6951	399	35	278	822	829	1028	42	245	27	12582	3255	2279	1724	1317	19	6	310	18	10	83	31	29	61	20	9	147	12	41	13	28	16	107
